[
  {
    "Icon":"https://iconarchive.com/download/i105291/papirus-team/papirus-apps/applications-development.ico",
    "Image" :"",
    "Content" :" • ..... \n-CPM : - \n- API : -\n- Proxy : - \n- Bypassed : - \n buy : -",
    "Seller" :".....",
    "Color" :"",
    "Date" :"-",
    "Category" :"-"
  },
  {
    "Icon":"https://apksshare.com/wp-content/uploads/2022/10/speedify-live-streaming-vpn-150x150.png",
    "Image" :"",
    "Content" :" • .....  \n- Proxy : -\n- CPM: -\n- CAPTURED : - \n- CAPTCHA: -\nbuy : - ",
    "Seller" :".....",
    "Color" :"",
    "Date" :"",
    "Category" :""
  },
  {
    "Icon":"https://www.clipartmax.com/png/full/146-1460109_%5Bimage-https-i-imgur-com-fk1ab7b-%5D-cyberghost-icon.png",
    "Image" :"",
    "Content" :" • ..... \n- Combo : -\n- Proxy : -\n- API : -\n- Selenium : -\n- Bot : -\n- Capture :  -\n- Proofs : -\nbuy : -",
    "Seller":".....",
    "Color" :"",
    "Date":"-",
    "Category" :"-"
  },
]
